timestamp,internal_temp_c,external_temp_c,battery_voltage_v,battery_current_a,battery_soc_percent,battery_capacity_ah,energy_available_kwh,power_load_kw,energy_loss_percent,tank_pressure_bar,structural_integrity,critical_modules_status,telemetry_link_status,estimated_autonomy_min,launch_decision
2026-03-18T00:00:00,28.87,-4.12,47.65,42.32,89.46,107.07,4.564,22.84,2.52,116.10,1,1,1,45,ABORT
2026-03-18T00:01:00,18.51,2.65,49.03,22.65,67.95,106.00,3.531,15.90,3.32,124.46,1,1,1,45,ABORT
2026-03-18T00:02:00,31.76,-4.77,50.83,89.81,73.61,86.22,3.226,24.14,4.02,99.64,1,1,1,45,ABORT
2026-03-18T00:03:00,19.64,24.66,49.62,100.71,89.19,101.45,4.490,24.46,4.27,122.60,1,1,1,45,ABORT
2026-03-18T00:04:00,32.10,16.65,51.17,77.74,88.18,81.83,3.692,9.56,3.74,98.99,1,1,1,45,ABORT
2026-03-18T00:05:00,21.96,-1.46,47.67,83.57,74.59,94.81,3.371,9.19,3.60,141.83,1,1,1,45,ABORT
2026-03-18T00:06:00,29.02,16.32,47.03,92.91,66.54,95.18,2.979,24.79,5.84,122.85,1,1,1,45,ABORT
2026-03-18T00:07:00,29.64,24.50,50.66,42.90,61.28,92.62,2.875,10.35,3.27,142.15,1,1,1,45,ABORT
2026-03-18T00:08:00,32.90,6.01,49.93,59.56,96.58,98.35,4.743,10.30,3.48,123.07,1,1,1,45,ABORT
2026-03-18T00:09:00,22.47,15.46,51.39,59.94,68.77,119.90,4.237,15.19,2.55,97.36,1,1,1,45,ABORT
2026-03-18T00:10:00,19.86,16.96,50.75,62.22,62.54,95.26,3.023,24.92,5.17,143.55,1,1,1,45,ABORT
2026-03-18T00:11:00,32.63,-4.60,50.32,88.17,81.48,90.67,3.718,17.82,2.67,116.74,1,1,1,45,ABORT
2026-03-18T00:12:00,25.71,28.38,51.26,46.34,80.02,87.15,3.575,23.25,7.22,109.92,1,1,1,45,ABORT
2026-03-18T00:13:00,28.86,16.31,46.92,96.25,81.58,111.15,4.255,15.61,2.00,111.21,1,1,1,45,ABORT
2026-03-18T00:14:00,18.33,27.52,51.27,103.17,72.30,82.32,3.051,22.56,7.68,99.28,1,1,1,45,ABORT
2026-03-18T00:15:00,26.26,-2.58,50.56,96.58,65.14,99.01,3.261,16.00,3.59,138.62,1,1,1,45,ABORT
2026-03-18T00:16:00,25.19,2.41,49.24,92.99,68.05,92.47,3.098,24.90,5.90,116.91,1,1,1,45,ABORT
2026-03-18T00:17:00,26.80,-0.76,47.35,53.81,83.53,89.20,3.528,9.40,2.43,126.56,1,1,1,45,ABORT
2026-03-18T00:18:00,21.89,26.69,51.16,27.09,69.52,106.76,3.797,9.28,2.79,141.78,1,1,1,45,ABORT
2026-03-18T00:19:00,27.71,11.54,50.71,100.75,67.62,83.88,2.876,13.62,4.54,118.35,1,1,1,45,ABORT
2026-03-18T00:20:00,30.39,18.57,51.90,29.84,76.10,93.57,3.696,22.23,3.49,104.51,1,1,1,45,ABORT
2026-03-18T00:21:00,25.63,9.77,47.67,44.98,96.93,97.73,4.516,22.23,5.30,97.53,1,1,1,45,ABORT
2026-03-18T00:22:00,34.99,24.26,51.81,112.64,93.95,86.65,4.218,14.71,3.28,115.05,1,1,1,45,ABORT
2026-03-18T00:23:00,19.00,8.26,51.91,46.52,91.36,98.20,4.657,13.46,7.74,144.77,1,1,1,45,ABORT
2026-03-18T00:24:00,27.45,20.14,46.93,49.67,98.75,103.17,4.781,15.84,6.49,97.86,1,1,1,45,ABORT
2026-03-18T00:25:00,27.93,12.60,51.12,35.74,98.43,83.20,4.186,8.72,5.57,128.76,1,1,1,45,READY
2026-03-18T00:26:00,22.00,-0.80,51.34,44.62,83.78,104.78,4.507,13.38,5.50,121.14,1,1,1,45,ABORT
2026-03-18T00:27:00,33.89,2.15,50.30,43.87,75.83,106.87,4.076,11.00,3.90,132.59,1,1,1,45,ABORT
2026-03-18T00:28:00,19.23,11.04,51.99,119.61,62.93,88.53,2.896,10.30,7.60,139.04,1,1,1,45,ABORT
2026-03-18T00:29:00,32.95,7.93,46.95,103.37,88.14,104.47,4.323,24.74,5.92,95.39,1,1,1,45,ABORT
2026-03-18T00:30:00,31.89,5.48,49.98,113.89,65.37,84.62,2.765,7.14,5.32,108.62,1,1,1,45,ABORT
2026-03-18T00:31:00,28.28,20.12,47.22,83.42,70.56,99.54,3.317,23.11,7.08,99.61,1,1,1,45,ABORT
2026-03-18T00:32:00,25.20,4.68,46.02,97.11,85.48,90.48,3.559,19.82,5.31,116.38,1,1,1,45,ABORT
2026-03-18T00:33:00,18.16,-2.37,51.30,110.39,81.82,113.38,4.759,16.65,2.89,101.37,1,1,1,45,ABORT
2026-03-18T00:34:00,23.24,26.46,50.78,106.07,95.96,88.40,4.308,9.99,2.62,134.01,1,1,1,45,ABORT
2026-03-18T00:35:00,33.03,9.22,49.72,35.46,97.20,114.58,5.537,24.52,6.86,139.07,1,1,1,45,ABORT
2026-03-18T00:36:00,18.42,20.78,47.99,113.08,92.09,114.56,5.063,21.21,3.60,134.37,1,1,1,45,ABORT
2026-03-18T00:37:00,19.84,25.53,51.15,42.24,92.66,98.41,4.664,11.10,6.77,106.38,1,1,1,45,ABORT
2026-03-18T00:38:00,18.40,1.76,47.97,106.44,98.68,91.16,4.315,17.83,4.40,144.06,1,1,1,45,ABORT
2026-03-18T00:39:00,27.12,27.87,46.69,117.04,67.14,118.50,3.715,10.31,2.65,116.73,1,1,1,45,ABORT
2026-03-18T00:40:00,30.39,5.98,49.64,71.14,75.41,103.06,3.858,10.09,6.25,95.08,1,1,1,45,ABORT
2026-03-18T00:41:00,33.73,13.85,50.32,94.20,86.83,94.57,4.132,6.40,5.99,111.51,1,1,1,45,ABORT
2026-03-18T00:42:00,23.34,24.68,50.32,50.03,72.37,96.34,3.508,13.05,3.77,101.36,1,1,1,45,READY
2026-03-18T00:43:00,25.15,27.91,50.06,110.28,84.62,92.04,3.899,15.96,2.00,109.35,1,1,1,45,ABORT
2026-03-18T00:44:00,25.31,15.30,49.93,66.50,77.69,88.55,3.435,14.46,7.41,134.80,1,1,1,45,ABORT
2026-03-18T00:45:00,20.88,-2.03,49.09,83.29,73.41,112.74,4.063,20.02,6.04,106.23,1,1,1,45,ABORT
2026-03-18T00:46:00,21.39,-4.15,47.47,67.51,93.99,82.91,3.699,13.29,5.78,104.72,1,1,1,45,ABORT
2026-03-18T00:47:00,29.84,12.30,47.46,85.61,60.22,110.04,3.145,20.40,2.64,116.26,1,1,1,45,ABORT
2026-03-18T00:48:00,20.99,28.53,49.11,25.02,69.97,113.93,3.915,14.13,6.81,128.38,1,1,1,45,ABORT
2026-03-18T00:49:00,34.79,15.84,51.70,109.14,84.51,108.77,4.752,15.10,6.98,122.39,1,1,1,45,ABORT
2026-03-18T00:50:00,33.25,21.03,48.85,45.92,69.89,105.51,3.602,20.32,5.13,126.34,1,1,1,45,ABORT
2026-03-18T00:51:00,22.67,-2.29,47.71,47.17,72.79,101.61,3.529,7.77,3.39,129.70,1,1,1,45,ABORT
2026-03-18T00:52:00,30.01,-2.75,48.45,74.26,76.63,88.27,3.277,13.40,7.43,124.20,1,1,1,45,ABORT
2026-03-18T00:53:00,29.82,24.99,50.59,58.04,60.24,94.07,2.867,20.07,7.12,142.67,1,1,1,45,ABORT
2026-03-18T00:54:00,25.12,21.16,49.28,80.33,68.82,88.78,3.011,13.72,2.17,111.81,1,1,1,45,ABORT
2026-03-18T00:55:00,29.55,9.15,46.99,66.74,65.11,104.89,3.209,5.54,4.36,123.22,1,1,1,45,ABORT
2026-03-18T00:56:00,18.46,17.50,46.81,66.17,62.01,95.16,2.762,9.23,3.96,133.06,1,1,1,45,ABORT
2026-03-18T00:57:00,24.45,21.32,50.99,45.23,63.28,80.78,2.606,15.79,8.00,112.50,1,1,1,45,ABORT
2026-03-18T00:58:00,29.05,22.34,49.91,95.42,97.98,87.97,4.302,5.41,2.91,101.31,1,1,1,48,READY
2026-03-18T00:59:00,29.38,14.74,47.31,89.95,90.68,86.71,3.720,17.14,6.49,100.73,1,1,1,45,READY
2026-03-18T01:00:00,31.93,28.77,46.65,22.57,72.48,107.09,3.621,24.16,4.38,130.75,1,1,1,45,ABORT
2026-03-18T01:01:00,19.29,19.17,49.76,30.19,90.90,114.01,5.157,17.01,2.73,144.19,1,1,1,45,ABORT
2026-03-18T01:02:00,31.30,7.15,48.57,57.06,80.24,93.65,3.650,21.99,6.93,100.28,1,1,1,45,READY
2026-03-18T01:03:00,34.33,17.25,50.97,90.73,77.42,109.35,4.315,24.31,3.62,135.41,1,1,1,45,ABORT
2026-03-18T01:04:00,27.15,11.92,48.61,93.10,70.74,114.07,3.922,21.61,2.52,139.08,1,1,1,45,READY
2026-03-18T01:05:00,22.15,11.26,49.66,57.90,61.15,114.04,3.463,8.64,3.27,134.89,1,1,1,45,ABORT
2026-03-18T01:06:00,23.79,25.81,50.21,47.63,60.41,117.92,3.577,6.71,6.32,119.43,1,1,1,45,ABORT
2026-03-18T01:07:00,30.89,19.17,49.88,69.08,91.72,83.72,3.830,9.43,6.15,110.31,1,1,1,45,READY
2026-03-18T01:08:00,27.89,11.56,49.19,62.55,89.84,93.23,4.120,19.06,3.63,107.57,1,1,1,45,READY
2026-03-18T01:09:00,20.05,1.74,46.72,73.59,90.49,87.41,3.695,9.33,4.91,131.23,1,1,1,45,ABORT
2026-03-18T01:10:00,34.60,13.36,47.70,30.05,67.76,89.10,2.880,8.59,2.08,121.71,1,1,1,45,ABORT
2026-03-18T01:11:00,22.66,29.10,49.32,89.74,65.05,114.74,3.681,14.82,7.24,123.70,1,1,1,45,ABORT
2026-03-18T01:12:00,25.98,10.42,47.11,25.14,97.64,99.11,4.559,21.44,4.40,98.70,1,1,1,45,ABORT
2026-03-18T01:13:00,28.70,-3.12,46.90,76.28,72.15,119.76,4.052,7.37,6.59,125.32,1,1,1,45,ABORT
2026-03-18T01:14:00,31.44,2.90,49.14,65.05,77.71,114.41,4.369,24.80,3.83,126.05,1,1,1,45,ABORT
2026-03-18T01:15:00,28.36,20.90,51.69,40.78,68.44,106.42,3.765,8.14,3.04,98.75,1,1,1,45,ABORT
2026-03-18T01:16:00,18.05,10.77,49.56,49.13,69.26,108.28,3.717,19.06,4.72,129.37,1,1,1,45,ABORT
2026-03-18T01:17:00,33.71,22.57,49.75,86.12,97.35,97.01,4.698,15.89,5.89,140.42,1,1,1,45,ABORT
2026-03-18T01:18:00,32.05,-2.50,47.00,50.76,89.96,102.77,4.345,10.77,2.75,129.43,1,1,1,45,ABORT
2026-03-18T01:19:00,29.90,27.99,49.00,69.38,63.22,81.59,2.527,13.64,3.93,107.52,1,1,1,45,ABORT
2026-03-18T01:20:00,19.55,28.67,51.02,77.52,98.03,119.98,6.001,18.45,3.62,97.01,1,1,1,45,ABORT
2026-03-18T01:21:00,30.86,11.47,49.91,111.61,67.26,103.41,3.471,17.70,4.95,99.56,1,1,1,45,ABORT
2026-03-18T01:22:00,23.92,6.67,50.02,105.77,73.19,107.75,3.945,10.76,7.67,135.68,1,1,1,45,ABORT
2026-03-18T01:23:00,27.35,10.92,47.89,52.33,98.81,96.17,4.551,15.29,7.93,127.88,1,1,1,45,ABORT
2026-03-18T01:24:00,27.22,9.46,47.13,56.18,90.26,105.02,4.468,20.20,3.22,122.46,1,1,1,45,READY
2026-03-18T01:25:00,33.77,10.33,50.19,32.14,98.93,104.35,5.181,9.79,2.95,122.54,1,1,1,45,ABORT
2026-03-18T01:26:00,27.39,-1.74,51.95,111.29,78.46,84.70,3.452,21.64,4.99,130.83,1,1,1,45,ABORT
2026-03-18T01:27:00,26.65,4.57,51.01,118.02,69.75,102.05,3.631,12.67,7.53,120.41,1,1,1,45,ABORT
2026-03-18T01:28:00,32.95,25.24,47.66,99.00,76.60,117.37,4.285,15.15,6.92,109.14,1,1,1,45,ABORT
2026-03-18T01:29:00,23.08,15.54,51.99,68.96,65.94,101.54,3.481,11.90,5.31,122.17,1,1,1,45,ABORT
2026-03-18T01:30:00,25.74,6.26,47.13,89.75,82.87,89.34,3.489,20.51,2.26,132.24,1,1,1,45,READY
2026-03-18T01:31:00,29.99,23.40,48.32,86.37,92.83,119.23,5.348,14.91,2.22,120.11,1,1,1,45,READY
2026-03-18T01:32:00,28.03,25.44,51.25,64.03,81.04,98.28,4.082,19.45,4.46,127.74,1,1,1,45,READY
2026-03-18T01:33:00,20.62,11.43,51.82,53.86,87.71,105.99,4.817,22.04,7.11,137.97,1,1,1,45,ABORT
2026-03-18T01:34:00,24.46,6.08,50.31,95.94,94.90,81.44,3.888,6.37,5.79,141.05,1,1,1,45,ABORT
2026-03-18T01:35:00,34.96,21.14,48.60,29.84,85.35,114.90,4.766,13.87,6.16,140.17,1,1,1,45,ABORT
2026-03-18T01:36:00,18.78,22.87,47.76,57.48,65.82,101.25,3.183,16.32,6.76,103.50,1,1,1,45,ABORT
2026-03-18T01:37:00,19.34,25.48,49.72,44.08,96.51,85.72,4.113,14.22,3.52,107.77,1,1,1,45,ABORT
2026-03-18T01:38:00,18.16,23.16,51.41,87.76,66.32,97.67,3.330,11.91,5.53,126.95,1,1,1,45,ABORT
2026-03-18T01:39:00,25.21,3.75,51.07,39.92,75.39,99.33,3.824,9.74,5.43,123.74,1,1,1,45,READY
2026-03-18T01:40:00,34.88,5.33,51.87,85.82,70.98,102.64,3.779,18.72,6.47,97.45,1,1,1,45,ABORT
2026-03-18T01:41:00,28.31,12.39,51.42,48.62,91.95,104.28,4.930,12.05,5.82,126.04,1,1,1,45,READY
2026-03-18T01:42:00,29.52,20.23,49.96,103.83,85.13,116.14,4.940,17.93,3.85,117.04,1,1,1,45,ABORT
2026-03-18T01:43:00,27.85,20.63,46.54,49.51,89.90,87.03,3.641,7.64,5.24,143.57,1,1,1,45,ABORT
2026-03-18T01:44:00,27.02,26.97,50.98,45.70,92.99,99.27,4.706,21.13,6.48,111.94,1,1,1,45,READY
2026-03-18T01:45:00,19.96,28.70,46.84,116.65,94.41,108.97,4.819,24.60,7.80,135.23,1,1,1,45,ABORT
2026-03-18T01:46:00,24.22,22.67,46.08,73.66,78.19,106.91,3.852,18.45,5.51,136.12,1,1,1,45,ABORT
2026-03-18T01:47:00,33.98,-1.21,47.40,22.50,95.37,102.46,4.632,23.31,3.33,98.16,1,1,1,45,ABORT
2026-03-18T01:48:00,32.01,26.83,47.81,60.83,65.59,117.85,3.696,11.09,4.96,99.86,1,1,1,45,ABORT
2026-03-18T01:49:00,33.08,-0.25,48.72,87.05,89.73,117.84,5.152,13.38,6.45,102.73,1,1,1,45,ABORT
2026-03-18T01:50:00,25.05,-1.53,48.94,60.81,98.06,81.31,3.902,12.41,4.66,142.53,1,1,1,45,ABORT
2026-03-18T01:51:00,32.54,-1.52,50.11,74.45,99.11,94.35,4.686,12.96,3.14,101.11,1,1,1,45,ABORT
2026-03-18T01:52:00,32.42,10.92,49.98,84.17,83.89,80.85,3.390,20.74,3.46,101.30,1,1,1,45,ABORT
2026-03-18T01:53:00,27.60,-2.60,50.59,40.72,68.64,114.79,3.986,11.57,2.89,140.03,1,1,1,45,ABORT
2026-03-18T01:54:00,18.05,25.04,46.87,33.00,70.03,86.98,2.855,18.22,2.15,95.74,1,1,1,45,ABORT
2026-03-18T01:55:00,31.43,3.33,47.94,37.42,62.10,109.67,3.265,15.52,6.47,118.81,1,1,1,45,ABORT
2026-03-18T01:56:00,31.23,12.96,46.65,70.38,97.82,81.73,3.730,20.66,7.20,121.07,1,1,1,45,ABORT
2026-03-18T01:57:00,25.79,28.74,46.36,67.90,76.06,107.44,3.788,14.81,7.46,98.67,1,1,1,45,ABORT
2026-03-18T01:58:00,19.37,16.29,46.39,47.50,85.32,101.93,4.034,11.50,7.97,121.53,1,1,1,45,ABORT
2026-03-18T01:59:00,25.71,16.19,46.60,90.18,94.11,106.04,4.650,20.38,6.33,105.75,1,1,1,45,ABORT
2026-03-18T02:00:00,25.68,3.00,48.03,65.35,76.64,83.80,3.085,13.54,5.99,113.72,1,1,1,45,READY
2026-03-18T02:01:00,20.59,27.30,46.40,103.18,63.73,83.86,2.480,19.78,6.87,122.82,1,1,1,45,ABORT
2026-03-18T02:02:00,27.97,14.66,47.98,32.22,74.14,106.61,3.792,20.01,7.21,131.05,1,1,1,45,ABORT
2026-03-18T02:03:00,34.46,16.01,48.11,77.79,68.51,106.27,3.503,9.48,2.65,137.27,1,1,1,45,ABORT
2026-03-18T02:04:00,24.25,21.69,49.44,100.72,93.81,118.98,5.518,21.37,5.68,127.13,1,1,1,45,ABORT
2026-03-18T02:05:00,18.45,27.52,50.98,46.74,67.22,108.11,3.705,11.18,4.04,95.31,1,1,1,45,ABORT
2026-03-18T02:06:00,32.79,14.82,48.40,34.19,85.33,81.23,3.355,19.92,3.29,115.99,1,1,1,45,ABORT
2026-03-18T02:07:00,23.80,7.95,50.33,97.68,82.70,83.40,3.471,6.05,2.94,125.89,1,1,1,45,READY
2026-03-18T02:08:00,29.46,4.52,49.97,68.57,77.68,90.93,3.530,20.10,2.68,116.50,1,1,1,45,READY
2026-03-18T02:09:00,22.82,18.75,48.92,86.71,61.82,95.81,2.898,16.99,2.05,110.07,1,1,1,45,ABORT
2026-03-18T02:10:00,21.59,-0.20,47.53,52.81,60.31,109.88,3.150,8.51,4.28,130.18,1,1,1,45,ABORT
2026-03-18T02:11:00,26.50,24.17,50.84,27.21,94.47,81.69,3.923,5.37,7.53,138.11,1,1,1,45,ABORT
2026-03-18T02:12:00,27.79,15.07,50.26,61.77,64.61,80.83,2.625,11.50,6.81,125.91,1,1,1,45,ABORT
2026-03-18T02:13:00,32.14,27.19,46.53,104.45,69.73,103.55,3.360,15.48,4.37,110.51,1,1,1,45,ABORT
2026-03-18T02:14:00,23.77,6.66,47.01,71.05,64.56,100.40,3.047,23.12,4.10,131.37,1,1,1,45,ABORT
2026-03-18T02:15:00,31.92,23.53,47.42,34.64,67.89,104.10,3.351,20.20,5.93,103.86,1,1,1,45,ABORT
2026-03-18T02:16:00,31.14,12.29,50.53,95.99,77.96,116.97,4.608,16.29,5.81,126.23,1,1,1,45,READY
2026-03-18T02:17:00,32.69,16.95,46.91,26.83,77.69,92.11,3.357,10.49,2.34,120.37,1,1,1,45,ABORT
2026-03-18T02:18:00,23.28,10.82,46.34,103.17,63.07,114.57,3.348,22.11,5.69,120.35,1,1,1,45,ABORT
2026-03-18T02:19:00,25.87,14.40,50.75,109.59,77.99,112.39,4.448,18.04,3.93,118.78,1,1,1,45,ABORT
2026-03-18T02:20:00,20.56,-2.83,46.62,109.91,73.74,108.57,3.732,15.09,3.04,107.39,1,1,1,45,ABORT
2026-03-18T02:21:00,25.44,10.38,49.14,35.87,74.91,91.32,3.362,13.18,4.03,124.89,1,1,1,45,READY
2026-03-18T02:22:00,31.42,17.66,46.40,29.45,87.14,91.37,3.694,19.47,5.94,140.32,1,1,1,45,ABORT
2026-03-18T02:23:00,32.85,6.67,49.50,34.14,73.99,118.71,4.348,18.97,4.35,124.75,1,1,1,45,ABORT
2026-03-18T02:24:00,33.95,5.84,48.26,99.17,92.53,106.80,4.769,21.58,6.43,129.27,1,1,1,45,ABORT
2026-03-18T02:25:00,26.95,17.61,48.54,56.18,74.50,87.21,3.154,9.28,7.69,119.31,1,1,1,45,ABORT
2026-03-18T02:26:00,21.85,-0.19,46.46,104.44,64.05,110.83,3.298,21.70,7.30,96.89,1,1,1,45,ABORT
2026-03-18T02:27:00,23.72,21.82,46.79,57.67,66.49,113.25,3.523,20.42,6.85,103.28,1,1,1,45,ABORT
2026-03-18T02:28:00,25.44,9.38,50.06,43.75,77.77,91.40,3.558,19.97,4.69,121.70,1,1,1,45,READY
2026-03-18T02:29:00,23.26,23.30,48.81,103.51,74.71,117.89,4.299,24.69,4.77,109.09,1,1,1,45,ABORT
2026-03-18T02:30:00,24.49,13.46,51.80,101.69,92.05,85.54,4.079,10.00,5.85,138.71,1,1,1,45,ABORT
2026-03-18T02:31:00,27.43,-1.41,51.08,105.12,71.40,110.52,4.031,10.46,7.43,102.37,1,1,1,45,ABORT
2026-03-18T02:32:00,25.44,28.12,47.33,65.11,73.98,81.07,2.839,6.07,5.01,106.79,1,1,1,45,ABORT
2026-03-18T02:33:00,34.91,8.12,46.17,113.08,93.57,106.00,4.579,20.83,2.83,109.34,1,1,1,45,ABORT
2026-03-18T02:34:00,32.11,19.36,46.83,90.55,77.94,80.21,2.928,6.58,3.54,136.75,1,1,1,45,ABORT
2026-03-18T02:35:00,27.33,20.45,49.17,31.12,71.52,92.05,3.237,5.95,4.52,134.69,1,1,1,45,READY
2026-03-18T02:36:00,25.77,-1.12,51.43,79.67,60.66,100.62,3.139,9.84,2.86,116.46,1,1,1,45,ABORT
2026-03-18T02:37:00,28.45,3.42,48.50,86.44,63.42,118.99,3.660,6.35,5.16,120.37,1,1,1,45,ABORT
2026-03-18T02:38:00,34.80,14.40,48.34,67.01,85.43,119.24,4.924,10.07,2.10,134.43,1,1,1,45,ABORT
2026-03-18T02:39:00,23.86,20.65,49.77,97.15,89.41,93.30,4.152,5.89,5.28,135.68,1,1,1,45,READY
2026-03-18T02:40:00,20.98,22.27,48.79,89.54,85.27,112.46,4.679,6.26,6.66,117.88,1,1,1,45,READY
2026-03-18T02:41:00,22.99,-3.47,47.20,24.19,97.33,100.62,4.622,24.78,5.26,107.67,1,1,1,45,ABORT
2026-03-18T02:42:00,30.81,1.69,48.14,98.08,94.63,93.28,4.249,7.49,4.21,139.47,1,1,1,45,READY
2026-03-18T02:43:00,30.64,26.31,48.32,117.37,79.85,99.90,3.854,23.49,5.12,135.06,1,1,1,45,ABORT
2026-03-18T02:44:00,30.36,-2.24,49.61,102.23,81.82,92.85,3.769,6.60,5.97,110.32,1,1,1,45,ABORT
2026-03-18T02:45:00,28.24,9.91,50.14,55.15,61.69,114.80,3.551,12.05,7.99,108.73,1,1,1,45,ABORT
2026-03-18T02:46:00,34.66,28.18,46.45,83.75,74.53,112.04,3.879,18.59,7.72,102.14,1,1,1,45,ABORT
2026-03-18T02:47:00,28.33,22.35,46.21,26.72,91.14,94.65,3.986,12.66,5.40,125.25,1,1,1,45,ABORT
2026-03-18T02:48:00,29.54,28.21,48.23,96.31,82.96,101.18,4.048,12.96,5.90,107.48,1,1,1,45,ABORT
2026-03-18T02:49:00,19.93,20.75,48.99,58.70,82.47,90.47,3.655,10.21,4.68,144.82,1,1,1,45,ABORT
2026-03-18T02:50:00,22.85,27.08,48.95,32.26,94.11,98.08,4.518,22.97,4.67,99.39,1,1,1,45,ABORT
2026-03-18T02:51:00,29.59,24.59,47.92,54.74,62.60,101.69,3.050,22.83,7.11,130.59,1,1,1,45,ABORT
2026-03-18T02:52:00,33.76,17.32,50.76,70.88,64.85,88.04,2.898,7.78,6.74,96.31,1,1,1,45,ABORT
2026-03-18T02:53:00,27.42,7.91,50.82,75.16,84.48,83.45,3.583,11.19,8.00,130.94,1,1,1,45,ABORT
2026-03-18T02:54:00,26.94,21.92,50.94,27.38,98.90,105.69,5.325,14.00,6.08,112.23,1,1,1,45,READY
2026-03-18T02:55:00,32.93,22.31,49.84,38.20,98.65,97.30,4.784,23.21,2.33,101.21,1,1,1,45,ABORT
2026-03-18T02:56:00,20.60,0.76,47.94,90.93,73.84,117.64,4.164,22.90,7.08,107.53,1,1,1,45,ABORT
2026-03-18T02:57:00,28.80,14.28,46.75,50.28,81.34,100.10,3.806,8.37,7.65,102.71,1,1,1,45,ABORT
2026-03-18T02:58:00,29.20,20.22,49.63,104.25,82.54,113.01,4.629,5.57,2.27,127.07,1,1,1,50,ABORT
2026-03-18T02:59:00,27.81,17.79,50.60,61.66,85.56,99.92,4.326,17.54,3.74,142.83,1,1,1,45,ABORT
2026-03-18T03:00:00,26.21,23.16,50.11,49.74,62.92,82.40,2.598,13.79,4.91,105.20,1,1,1,45,ABORT
2026-03-18T03:01:00,28.31,5.94,50.31,93.42,94.43,119.01,5.654,7.62,4.22,123.08,1,1,1,45,READY
2026-03-18T03:02:00,23.42,11.33,47.60,44.79,63.87,91.61,2.785,12.68,5.69,107.41,1,1,1,45,ABORT
2026-03-18T03:03:00,32.71,0.59,47.96,77.77,72.51,110.52,3.843,14.97,5.09,119.94,1,1,1,45,ABORT
2026-03-18T03:04:00,23.25,-4.19,51.67,70.54,98.67,88.61,4.518,12.06,2.30,119.74,1,1,1,45,ABORT
2026-03-18T03:05:00,33.00,17.90,48.82,73.67,93.89,97.24,4.457,22.65,6.37,133.19,1,1,1,45,ABORT
2026-03-18T03:06:00,24.22,9.02,49.42,39.47,82.13,82.94,3.366,15.09,6.59,108.99,1,1,1,45,READY
2026-03-18T03:07:00,34.81,18.81,46.71,117.51,75.76,111.80,3.956,11.78,7.63,132.75,1,1,1,45,ABORT
2026-03-18T03:08:00,21.38,12.82,49.00,24.53,65.48,93.32,2.994,14.47,4.74,125.31,1,1,1,45,ABORT
2026-03-18T03:09:00,26.76,6.48,49.68,36.25,99.62,109.57,5.423,10.98,4.02,136.41,1,1,1,45,READY
2026-03-18T03:10:00,27.05,19.81,47.80,101.57,74.73,106.95,3.820,24.60,5.50,134.84,1,1,1,45,ABORT
2026-03-18T03:11:00,30.33,19.08,46.16,67.46,98.68,111.32,5.071,20.52,5.47,131.07,1,1,1,45,ABORT
2026-03-18T03:12:00,27.92,0.97,49.77,81.97,93.65,85.91,4.004,18.61,2.19,142.41,1,1,1,45,ABORT
2026-03-18T03:13:00,19.87,-4.34,47.88,35.14,87.62,96.42,4.045,20.50,7.52,138.64,1,1,1,45,ABORT
2026-03-18T03:14:00,30.51,-2.82,46.83,40.73,73.00,106.49,3.640,15.51,3.88,103.66,1,1,1,45,ABORT
2026-03-18T03:15:00,33.51,6.98,48.13,97.20,88.84,105.73,4.521,18.87,5.66,104.61,1,1,1,45,ABORT
2026-03-18T03:16:00,22.19,14.53,47.35,117.29,71.90,91.56,3.117,9.15,6.23,110.85,1,1,1,45,ABORT
2026-03-18T03:17:00,23.93,27.68,50.77,47.35,64.87,107.06,3.526,12.59,7.88,135.92,1,1,1,45,ABORT
2026-03-18T03:18:00,34.23,23.16,47.74,48.76,88.57,93.85,3.968,13.85,3.54,118.95,1,1,1,45,ABORT
2026-03-18T03:19:00,21.44,13.85,51.60,89.62,65.49,104.63,3.536,16.74,3.45,128.49,1,1,1,45,ABORT
2026-03-18T03:20:00,27.03,17.33,46.31,61.33,88.69,84.02,3.451,20.42,2.03,122.52,1,1,1,45,ABORT
2026-03-18T03:21:00,33.79,9.24,51.61,107.84,79.10,87.98,3.592,24.28,3.93,127.29,1,1,1,45,ABORT
2026-03-18T03:22:00,33.43,-1.87,49.44,73.52,88.92,117.47,5.164,23.26,3.05,139.11,1,1,1,45,ABORT
2026-03-18T03:23:00,20.99,27.19,51.98,59.70,79.82,117.46,4.873,24.24,7.56,138.84,1,1,1,45,ABORT
2026-03-18T03:24:00,18.16,14.88,46.64,118.30,71.38,119.56,3.980,15.87,4.96,141.93,1,1,1,45,ABORT
2026-03-18T03:25:00,32.47,11.38,47.16,31.26,66.50,98.36,3.085,10.15,3.12,131.83,1,1,1,45,ABORT
2026-03-18T03:26:00,31.44,14.87,50.54,37.55,94.25,115.88,5.520,21.54,5.09,99.34,1,1,1,45,ABORT
2026-03-18T03:27:00,29.38,1.47,46.84,52.36,69.92,90.43,2.962,9.71,6.52,142.70,1,1,1,45,ABORT
2026-03-18T03:28:00,23.13,20.30,46.07,85.37,87.71,82.48,3.333,7.36,3.84,115.27,1,1,1,45,ABORT
2026-03-18T03:29:00,26.54,26.33,50.22,51.10,64.70,116.65,3.790,10.90,5.69,105.96,1,1,1,45,ABORT
2026-03-18T03:30:00,20.27,0.36,50.49,80.57,76.63,101.97,3.945,14.42,5.23,128.20,1,1,1,45,READY
2026-03-18T03:31:00,21.71,3.66,50.53,107.31,63.27,97.87,3.129,19.08,2.47,123.21,1,1,1,45,ABORT
2026-03-18T03:32:00,19.05,14.17,49.03,77.27,65.99,93.12,3.013,15.41,2.70,105.27,1,1,1,45,ABORT
2026-03-18T03:33:00,27.91,-1.82,49.06,100.87,78.14,100.53,3.854,14.14,2.35,118.12,1,1,1,45,ABORT
2026-03-18T03:34:00,31.72,20.31,48.38,101.65,89.83,103.13,4.482,5.91,4.07,98.19,1,1,1,46,ABORT
2026-03-18T03:35:00,34.90,27.71,46.41,113.38,61.27,96.35,2.740,20.38,6.59,143.92,1,1,1,45,ABORT
2026-03-18T03:36:00,28.98,9.71,51.96,58.25,94.78,116.27,5.726,12.51,6.10,128.09,1,1,1,45,ABORT
2026-03-18T03:37:00,27.17,17.87,48.09,37.85,81.49,101.15,3.964,19.56,3.34,95.17,1,1,1,45,ABORT
2026-03-18T03:38:00,18.39,5.44,50.04,74.44,81.28,112.93,4.593,9.95,4.08,108.78,1,1,1,45,ABORT
2026-03-18T03:39:00,33.94,20.38,46.68,100.95,76.77,110.64,3.965,22.68,2.09,105.30,1,1,1,45,ABORT
2026-03-18T03:40:00,19.72,-3.82,49.59,90.33,61.95,109.62,3.368,13.05,3.41,105.86,1,1,1,45,ABORT
2026-03-18T03:41:00,32.68,-3.02,49.02,48.93,92.63,109.26,4.961,11.38,5.59,128.63,1,1,1,45,ABORT
2026-03-18T03:42:00,23.45,5.56,46.86,86.02,68.84,92.02,2.968,6.22,7.69,138.99,1,1,1,45,ABORT
2026-03-18T03:43:00,33.50,16.91,48.56,69.56,98.89,117.66,5.650,18.43,6.71,110.94,1,1,1,45,ABORT
2026-03-18T03:44:00,25.08,0.22,48.26,95.44,78.94,113.97,4.342,11.01,6.25,135.29,1,1,1,45,READY
2026-03-18T03:45:00,33.55,14.68,51.81,75.73,65.36,89.71,3.038,9.07,5.88,141.11,1,1,1,45,ABORT
2026-03-18T03:46:00,32.40,-1.76,50.35,39.05,70.74,106.95,3.809,17.06,7.24,104.41,1,1,1,45,ABORT
2026-03-18T03:47:00,30.95,20.35,49.35,67.94,94.78,93.32,4.365,24.14,2.09,141.86,1,1,1,45,ABORT
2026-03-18T03:48:00,34.36,-0.89,52.00,67.89,69.70,104.18,3.776,9.09,7.49,122.60,1,1,1,45,ABORT
2026-03-18T03:49:00,31.18,8.32,49.20,55.93,70.46,100.51,3.484,14.95,2.59,144.07,1,1,1,45,ABORT
2026-03-18T03:50:00,25.98,24.39,51.49,57.07,76.56,102.50,4.041,9.43,2.88,108.04,1,1,1,45,READY
2026-03-18T03:51:00,33.89,15.27,48.51,35.24,73.19,95.19,3.380,21.67,5.00,127.73,1,1,1,45,ABORT
2026-03-18T03:52:00,29.64,4.01,50.93,116.65,85.67,99.62,4.347,8.36,6.77,103.46,1,1,1,45,ABORT
2026-03-18T03:53:00,30.25,12.09,51.50,74.21,85.67,82.35,3.633,5.68,7.08,142.26,1,1,1,45,ABORT
2026-03-18T03:54:00,29.36,21.75,48.47,104.25,69.26,108.29,3.635,5.18,5.03,113.66,1,1,1,45,ABORT
2026-03-18T03:55:00,28.50,18.34,49.70,68.32,79.51,80.26,3.172,16.03,2.07,121.47,1,1,1,45,READY
2026-03-18T03:56:00,22.67,29.21,46.10,101.32,86.96,112.25,4.500,23.20,2.64,99.82,1,1,1,45,ABORT
2026-03-18T03:57:00,20.53,1.72,49.16,101.52,70.69,95.88,3.332,12.46,4.44,123.25,1,1,1,45,ABORT
2026-03-18T03:58:00,34.83,2.91,50.10,104.79,86.15,114.33,4.935,20.19,2.56,113.96,1,1,1,45,ABORT
2026-03-18T03:59:00,27.40,-3.04,46.06,37.14,79.99,97.36,3.587,20.69,5.40,137.90,1,1,1,45,ABORT
2026-03-18T04:00:00,19.62,13.49,46.26,41.14,94.72,115.50,5.061,14.51,2.28,98.72,1,1,1,45,ABORT
2026-03-18T04:01:00,33.73,26.48,49.38,23.29,97.15,92.58,4.441,24.23,5.52,132.61,1,1,1,45,ABORT
2026-03-18T04:02:00,30.12,8.94,46.46,36.25,69.62,113.39,3.668,12.78,7.38,111.59,1,1,1,45,ABORT
2026-03-18T04:03:00,30.85,-0.10,51.93,92.42,80.03,118.97,4.944,6.07,4.62,136.93,1,1,1,49,ABORT
2026-03-18T04:04:00,23.79,21.92,51.73,59.67,90.94,81.19,3.819,10.47,7.96,119.53,1,1,1,45,ABORT
2026-03-18T04:05:00,24.05,27.94,48.59,87.97,86.43,83.43,3.504,17.37,6.79,130.66,1,1,1,45,READY
2026-03-18T04:06:00,19.39,0.40,50.27,83.39,89.59,92.67,4.174,7.13,2.03,110.41,1,1,1,45,ABORT
2026-03-18T04:07:00,24.12,4.44,46.80,38.74,77.95,102.19,3.728,13.16,2.16,112.70,1,1,1,45,ABORT
2026-03-18T04:08:00,19.58,15.93,47.95,58.52,71.67,95.51,3.282,6.69,7.41,140.26,1,1,1,45,ABORT
2026-03-18T04:09:00,34.63,15.02,47.02,58.07,65.55,92.05,2.837,14.86,2.38,116.73,1,1,1,45,ABORT
2026-03-18T04:10:00,25.16,11.95,46.46,45.17,69.86,105.00,3.408,16.88,3.17,100.35,1,1,1,45,ABORT
2026-03-18T04:11:00,23.18,28.21,47.99,82.02,92.16,93.18,4.121,11.69,6.89,137.98,1,1,1,45,ABORT
2026-03-18T04:12:00,34.56,-0.24,47.92,114.73,68.03,92.57,3.018,24.29,7.81,109.57,1,1,1,45,ABORT
2026-03-18T04:13:00,29.81,12.19,49.46,44.24,75.04,112.66,4.181,12.86,2.68,123.19,1,1,1,45,READY
2026-03-18T04:14:00,28.07,14.10,50.09,75.01,98.12,98.46,4.839,19.17,4.63,109.57,1,1,1,45,READY
2026-03-18T04:15:00,29.78,23.66,50.77,60.91,79.97,105.33,4.276,9.84,5.95,130.76,1,1,1,45,READY
2026-03-18T04:16:00,31.41,-2.41,51.94,67.92,76.03,100.26,3.959,23.41,6.15,122.18,1,1,1,45,ABORT
2026-03-18T04:17:00,31.44,7.58,51.37,73.69,85.53,83.40,3.664,20.38,5.95,112.75,1,1,1,45,READY
2026-03-18T04:18:00,29.00,-3.45,51.90,87.75,75.98,110.11,4.342,24.31,4.58,95.53,1,1,1,45,ABORT
2026-03-18T04:19:00,22.40,12.87,49.11,78.05,83.01,97.83,3.988,12.82,6.63,124.43,1,1,1,45,READY
2026-03-18T04:20:00,26.51,7.07,46.15,30.45,76.64,118.47,4.190,7.32,7.64,102.08,1,1,1,45,ABORT
2026-03-18T04:21:00,23.30,10.94,47.24,68.29,79.05,97.53,3.642,18.94,3.91,110.01,1,1,1,45,READY
2026-03-18T04:22:00,31.77,-0.97,51.10,84.80,87.09,86.57,3.853,24.68,3.46,103.72,1,1,1,45,ABORT
2026-03-18T04:23:00,20.72,14.59,51.75,43.19,76.20,87.38,3.446,17.81,4.59,96.46,1,1,1,45,ABORT
2026-03-18T04:24:00,28.44,1.91,49.55,58.88,88.19,88.23,3.855,20.05,6.85,98.13,1,1,1,45,ABORT
2026-03-18T04:25:00,19.73,25.52,47.12,52.60,78.30,90.49,3.339,22.25,5.17,126.96,1,1,1,45,ABORT
2026-03-18T04:26:00,28.15,16.40,49.52,54.79,93.82,104.69,4.864,21.27,6.24,109.87,1,1,1,45,READY
2026-03-18T04:27:00,28.45,-2.03,46.80,31.79,72.22,87.32,2.951,18.87,5.06,115.91,1,1,1,45,ABORT
2026-03-18T04:28:00,20.34,8.43,47.11,83.55,87.74,105.81,4.374,25.00,5.33,119.48,1,1,1,45,ABORT
2026-03-18T04:29:00,20.39,6.01,48.71,25.36,74.36,80.38,2.911,7.73,6.89,143.19,1,1,1,45,ABORT
2026-03-18T04:30:00,26.59,12.32,50.11,61.56,93.60,99.55,4.669,6.65,2.19,133.05,1,1,1,45,READY
2026-03-18T04:31:00,22.97,4.62,49.23,36.82,78.29,109.70,4.228,20.32,5.30,100.66,1,1,1,45,READY
2026-03-18T04:32:00,19.94,22.13,50.94,56.69,92.90,81.66,3.864,19.38,5.28,144.49,1,1,1,45,ABORT
2026-03-18T04:33:00,19.74,24.05,50.51,49.77,99.97,97.99,4.948,11.97,6.90,116.95,1,1,1,45,ABORT
2026-03-18T04:34:00,34.90,22.15,47.42,101.07,83.52,94.03,3.724,19.22,5.80,103.30,1,1,1,45,ABORT
2026-03-18T04:35:00,20.37,2.23,47.24,25.94,74.03,91.24,3.191,15.78,3.94,130.20,1,1,1,45,READY
2026-03-18T04:36:00,22.92,4.36,51.15,118.55,87.17,83.81,3.737,24.26,6.71,140.94,1,1,1,45,ABORT
2026-03-18T04:37:00,34.87,25.35,46.76,106.61,69.99,108.46,3.550,21.57,6.57,128.81,1,1,1,45,ABORT
2026-03-18T04:38:00,26.32,15.21,47.61,61.42,78.08,105.35,3.916,22.60,2.56,120.78,1,1,1,45,ABORT
2026-03-18T04:39:00,22.73,27.77,48.21,115.03,73.09,80.10,2.822,20.48,6.40,131.55,1,1,1,45,ABORT
2026-03-18T04:40:00,25.79,18.25,48.15,26.33,81.38,88.71,3.476,13.59,3.27,108.43,1,1,1,45,READY
2026-03-18T04:41:00,32.08,6.82,49.47,76.61,79.41,93.75,3.683,18.65,2.29,99.98,1,1,1,45,ABORT
2026-03-18T04:42:00,31.33,11.09,46.75,105.77,77.65,80.03,2.905,24.16,3.21,129.43,1,1,1,45,ABORT
2026-03-18T04:43:00,20.24,17.75,46.95,113.27,70.96,106.18,3.537,10.01,4.23,140.19,1,1,1,45,ABORT
2026-03-18T04:44:00,20.81,8.87,47.83,89.94,69.37,106.22,3.524,19.07,2.01,118.84,1,1,1,45,ABORT
2026-03-18T04:45:00,20.26,2.92,50.08,20.93,87.82,112.68,4.956,24.76,4.53,101.61,1,1,1,45,ABORT
2026-03-18T04:46:00,19.20,8.41,50.38,30.24,72.53,115.24,4.211,7.74,6.64,132.66,1,1,1,45,ABORT
2026-03-18T04:47:00,20.26,29.75,46.86,73.05,60.34,106.00,2.997,13.80,6.33,126.40,1,1,1,45,ABORT
2026-03-18T04:48:00,20.57,9.41,50.12,106.00,63.47,84.02,2.673,20.05,5.54,114.20,1,1,1,45,ABORT
2026-03-18T04:49:00,34.38,6.01,46.84,47.70,63.37,102.14,3.032,17.00,5.65,133.95,1,1,1,45,ABORT
2026-03-18T04:50:00,29.74,24.68,49.95,50.16,80.71,100.38,4.047,19.96,3.77,97.73,1,1,1,45,ABORT
2026-03-18T04:51:00,33.26,28.41,48.97,31.27,79.98,103.76,4.064,15.57,7.87,144.34,1,1,1,45,ABORT
2026-03-18T04:52:00,33.88,-0.38,51.16,76.84,74.62,107.32,4.097,20.25,7.73,133.52,1,1,1,45,ABORT
2026-03-18T04:53:00,18.28,-2.64,47.57,23.98,62.42,111.57,3.313,15.13,5.77,120.05,1,1,1,45,ABORT
2026-03-18T04:54:00,25.06,19.56,46.49,73.66,84.64,91.10,3.585,11.20,5.07,105.16,1,1,1,45,ABORT
2026-03-18T04:55:00,31.74,13.77,48.34,83.43,93.38,107.24,4.841,6.32,6.19,131.50,1,1,1,46,READY
2026-03-18T04:56:00,32.39,-2.97,46.52,63.45,78.13,104.35,3.793,11.19,6.45,132.03,1,1,1,45,ABORT
2026-03-18T04:57:00,20.03,19.78,50.21,36.38,98.12,100.92,4.972,20.66,6.32,103.35,1,1,1,45,READY
2026-03-18T04:58:00,20.16,22.34,47.61,108.64,90.86,81.17,3.511,21.14,3.63,98.19,1,1,1,45,ABORT
2026-03-18T04:59:00,30.11,15.18,46.46,65.52,74.40,99.98,3.456,16.34,4.21,107.76,1,1,1,45,ABORT
2026-03-18T05:00:00,19.75,15.09,50.34,42.84,80.35,81.76,3.307,22.26,3.47,118.59,1,1,1,45,ABORT
2026-03-18T05:01:00,24.51,0.25,51.59,105.75,82.11,116.56,4.938,19.81,4.52,111.09,1,1,1,45,ABORT
2026-03-18T05:02:00,25.08,20.21,47.63,27.79,74.91,100.08,3.571,23.04,3.08,135.22,1,1,1,45,ABORT
2026-03-18T05:03:00,34.68,28.39,46.41,66.51,71.29,113.79,3.765,11.55,5.32,95.40,1,1,1,45,ABORT
2026-03-18T05:04:00,21.41,14.73,47.82,82.27,78.56,103.67,3.895,14.87,6.64,104.77,1,1,1,45,READY
2026-03-18T05:05:00,33.31,21.62,47.47,20.64,76.40,89.32,3.239,11.93,7.04,138.86,1,1,1,45,ABORT
2026-03-18T05:06:00,34.17,-4.95,49.94,104.90,89.09,84.16,3.744,15.60,3.43,119.60,1,1,1,45,ABORT
2026-03-18T05:07:00,19.02,29.89,50.27,29.30,96.85,115.89,5.642,15.40,6.21,113.62,1,1,1,45,ABORT
2026-03-18T05:08:00,34.57,-2.03,46.57,33.35,92.80,82.99,3.587,16.36,4.61,143.21,1,1,1,45,ABORT
2026-03-18T05:09:00,22.03,4.13,47.89,100.08,88.03,109.41,4.612,11.36,3.63,98.73,1,1,1,45,ABORT
2026-03-18T05:10:00,21.45,22.30,49.51,35.54,66.57,98.64,3.251,13.13,5.22,143.23,1,1,1,45,ABORT
2026-03-18T05:11:00,21.53,5.79,47.59,31.99,66.30,107.44,3.390,21.53,6.18,97.02,1,1,1,45,ABORT
2026-03-18T05:12:00,32.21,6.47,46.55,44.82,74.23,100.54,3.474,18.54,3.56,144.53,1,1,1,45,ABORT
2026-03-18T05:13:00,18.53,9.15,48.71,94.81,69.99,98.48,3.357,21.08,2.84,95.60,1,1,1,45,ABORT
2026-03-18T05:14:00,32.12,29.39,46.78,102.37,74.89,105.21,3.686,17.89,5.49,107.94,1,1,1,45,ABORT
2026-03-18T05:15:00,31.82,-4.24,46.39,110.25,77.74,85.15,3.071,23.10,6.98,111.58,1,1,1,45,ABORT
2026-03-18T05:16:00,18.73,11.13,47.01,77.39,92.87,95.80,4.182,5.59,6.10,103.64,1,1,1,45,ABORT
2026-03-18T05:17:00,21.65,1.55,47.68,108.34,61.39,104.77,3.067,9.92,3.77,115.60,1,1,1,45,ABORT
2026-03-18T05:18:00,27.36,-2.87,47.68,33.72,67.98,115.39,3.740,15.52,5.78,135.11,1,1,1,45,ABORT
2026-03-18T05:19:00,31.51,29.63,50.69,55.91,81.78,99.39,4.120,23.25,5.01,114.42,1,1,1,45,ABORT
2026-03-18T05:20:00,21.06,6.16,47.31,109.58,91.14,82.34,3.550,24.83,5.18,133.34,1,1,1,45,ABORT
2026-03-18T05:21:00,34.99,29.09,46.60,85.69,70.66,112.65,3.709,23.35,2.34,144.82,1,1,1,45,ABORT
2026-03-18T05:22:00,21.73,24.63,50.78,55.48,93.57,113.81,5.408,8.52,5.56,135.31,1,1,1,45,READY
2026-03-18T05:23:00,29.86,26.99,46.17,90.06,97.90,102.54,4.635,16.26,3.13,144.40,1,1,1,45,ABORT
2026-03-18T05:24:00,32.99,12.23,47.85,69.04,63.61,89.30,2.718,9.38,5.16,95.03,1,1,1,45,ABORT
2026-03-18T05:25:00,33.60,2.05,46.78,91.69,96.75,113.77,5.149,11.47,2.13,124.33,1,1,1,45,ABORT
2026-03-18T05:26:00,33.59,22.10,51.08,106.07,98.42,94.94,4.773,23.84,4.37,100.05,1,1,1,45,ABORT
2026-03-18T05:27:00,23.13,-0.22,46.95,114.87,91.67,118.43,5.097,17.98,3.05,143.44,1,1,1,45,ABORT
2026-03-18T05:28:00,29.79,27.51,50.72,42.32,83.56,87.01,3.688,11.14,6.13,101.37,1,1,1,45,READY
2026-03-18T05:29:00,30.39,28.21,51.69,59.16,99.77,118.61,6.117,5.65,5.61,141.05,1,1,1,65,ABORT
2026-03-18T05:30:00,34.45,2.73,49.39,113.67,65.63,109.81,3.559,9.76,7.89,103.39,1,1,1,45,ABORT
2026-03-18T05:31:00,33.05,-1.89,50.25,83.91,95.47,97.87,4.695,10.30,3.50,98.39,1,1,1,45,ABORT
2026-03-18T05:32:00,22.36,-1.22,46.01,58.59,89.30,118.76,4.879,22.69,4.96,113.94,1,1,1,45,ABORT
2026-03-18T05:33:00,27.28,-1.45,48.88,106.41,86.04,107.49,4.521,8.25,2.44,137.29,1,1,1,45,ABORT
2026-03-18T05:34:00,23.01,6.16,51.71,27.42,66.80,95.02,3.282,19.64,5.28,139.91,1,1,1,45,ABORT
2026-03-18T05:35:00,19.58,15.79,49.68,68.27,61.24,117.70,3.581,8.30,7.34,102.86,1,1,1,45,ABORT
2026-03-18T05:36:00,19.72,2.19,47.14,89.72,88.88,109.20,4.575,10.31,3.69,106.88,1,1,1,45,ABORT
2026-03-18T05:37:00,18.84,15.01,51.04,35.36,74.43,97.10,3.689,10.89,5.97,125.01,1,1,1,45,ABORT
2026-03-18T05:38:00,21.39,-4.10,47.02,49.18,63.28,113.75,3.385,11.17,4.38,119.45,1,1,1,45,ABORT
2026-03-18T05:39:00,29.24,-1.81,49.26,38.49,95.42,94.78,4.455,13.92,3.58,118.25,1,1,1,45,ABORT
2026-03-18T05:40:00,21.85,4.40,46.37,95.22,86.70,83.43,3.354,11.88,5.25,143.54,1,1,1,45,ABORT
2026-03-18T05:41:00,28.03,14.38,51.04,101.84,76.75,101.42,3.973,22.34,4.85,139.08,1,1,1,45,ABORT
2026-03-18T05:42:00,26.10,-2.24,51.42,91.43,80.08,116.02,4.777,21.01,6.07,126.01,1,1,1,45,ABORT
2026-03-18T05:43:00,20.04,21.50,47.04,118.44,98.89,112.34,5.226,7.52,4.54,144.41,1,1,1,45,ABORT
2026-03-18T05:44:00,25.40,29.90,49.76,103.41,70.32,116.43,4.074,23.28,2.40,114.40,1,1,1,45,ABORT
2026-03-18T05:45:00,24.76,6.41,47.66,65.82,94.94,111.46,5.043,17.46,5.14,115.98,1,1,1,45,READY
2026-03-18T05:46:00,25.05,0.19,49.53,95.84,97.59,117.00,5.655,16.25,2.61,109.30,1,1,1,45,READY
2026-03-18T05:47:00,27.11,7.04,48.47,58.30,79.42,104.36,4.017,5.75,3.65,102.19,1,1,1,45,READY
2026-03-18T05:48:00,28.35,19.28,46.23,108.96,73.26,89.50,3.031,19.91,7.53,139.85,1,1,1,45,ABORT
2026-03-18T05:49:00,18.34,23.61,47.82,48.03,79.66,107.85,4.108,6.96,7.21,101.72,1,1,1,45,ABORT
2026-03-18T05:50:00,34.56,10.51,50.95,46.94,76.67,105.82,4.134,8.76,3.27,136.20,1,1,1,45,ABORT
2026-03-18T05:51:00,30.60,21.58,51.20,102.10,80.61,86.36,3.564,11.22,5.04,101.78,1,1,1,45,ABORT
2026-03-18T05:52:00,32.47,25.78,46.17,39.28,93.32,113.48,4.889,9.99,4.74,140.90,1,1,1,45,ABORT
2026-03-18T05:53:00,29.98,4.59,50.94,70.51,85.42,84.95,3.696,5.61,4.23,124.70,1,1,1,45,READY
2026-03-18T05:54:00,21.02,25.47,49.52,54.98,66.54,115.78,3.815,19.98,6.13,109.25,1,1,1,45,ABORT
2026-03-18T05:55:00,24.57,0.70,49.43,116.49,94.28,105.90,4.935,18.55,3.61,115.48,1,1,1,45,ABORT
2026-03-18T05:56:00,18.34,22.31,50.61,20.89,96.46,105.89,5.169,17.02,2.05,107.62,1,1,1,45,ABORT
2026-03-18T05:57:00,31.69,5.69,51.80,84.27,76.95,95.06,3.789,11.97,3.51,118.33,1,1,1,45,ABORT
2026-03-18T05:58:00,29.51,23.85,48.38,30.23,80.46,106.49,4.145,21.87,4.25,127.37,1,1,1,45,READY
2026-03-18T05:59:00,28.35,5.45,46.65,26.38,99.53,105.62,4.904,22.23,3.57,130.55,1,1,1,45,ABORT
2026-03-18T06:00:00,33.17,5.46,46.90,96.55,95.99,112.22,5.052,21.05,5.60,128.03,1,1,1,45,ABORT
2026-03-18T06:01:00,29.57,20.24,49.93,119.75,70.38,96.74,3.400,12.77,2.21,130.40,1,1,1,45,ABORT
2026-03-18T06:02:00,27.72,1.65,50.36,42.24,81.39,111.40,4.566,23.13,6.03,120.37,1,1,1,45,ABORT
2026-03-18T06:03:00,32.37,24.42,51.26,38.11,63.90,85.12,2.788,10.17,6.85,133.15,1,1,1,45,ABORT
2026-03-18T06:04:00,21.11,18.79,48.01,28.93,74.21,109.77,3.911,11.14,6.73,111.57,1,1,1,45,READY
2026-03-18T06:05:00,22.43,5.29,51.11,67.05,94.66,103.34,5.000,23.89,2.43,139.47,1,1,1,45,ABORT
2026-03-18T06:06:00,26.51,25.36,48.29,49.84,62.16,114.17,3.427,7.75,3.20,115.46,1,1,1,45,ABORT
2026-03-18T06:07:00,27.68,26.73,48.75,51.64,88.63,111.16,4.803,14.75,5.79,103.84,1,1,1,45,READY
2026-03-18T06:08:00,28.79,-4.84,47.64,96.12,66.74,110.58,3.516,14.79,6.58,99.40,1,1,1,45,ABORT
2026-03-18T06:09:00,28.45,17.17,48.42,116.53,75.33,81.51,2.973,8.99,4.24,95.70,1,1,1,45,ABORT
2026-03-18T06:10:00,23.48,24.16,47.14,87.67,85.07,89.95,3.607,18.87,4.07,101.45,1,1,1,45,READY
2026-03-18T06:11:00,24.52,15.60,47.00,102.38,71.93,91.63,3.098,19.56,5.58,111.89,1,1,1,45,ABORT
2026-03-18T06:12:00,33.10,29.84,48.06,110.14,74.37,87.54,3.129,23.96,7.51,115.17,1,1,1,45,ABORT
2026-03-18T06:13:00,21.88,20.45,46.79,93.41,83.59,86.76,3.393,12.33,5.90,96.87,1,1,1,45,ABORT
2026-03-18T06:14:00,32.90,3.95,49.21,24.86,99.79,106.48,5.229,18.07,2.12,129.49,1,1,1,45,ABORT
2026-03-18T06:15:00,25.09,8.31,49.28,67.44,66.13,107.81,3.513,17.61,3.81,128.08,1,1,1,45,ABORT
2026-03-18T06:16:00,29.26,4.45,49.63,33.72,93.23,84.20,3.896,19.38,2.71,100.70,1,1,1,45,READY
2026-03-18T06:17:00,19.81,1.95,47.20,46.30,80.93,88.07,3.364,19.07,3.77,96.97,1,1,1,45,ABORT
2026-03-18T06:18:00,26.44,2.27,51.60,53.06,60.11,106.87,3.315,23.14,7.01,128.45,1,1,1,45,ABORT
2026-03-18T06:19:00,20.54,-1.85,49.07,92.36,64.05,90.24,2.836,9.62,7.93,109.80,1,1,1,45,ABORT
2026-03-18T06:20:00,25.89,-1.51,47.05,23.94,71.62,112.06,3.776,11.25,6.43,99.75,1,1,1,45,ABORT
2026-03-18T06:21:00,30.89,-3.39,51.11,86.34,66.82,94.30,3.221,13.75,5.73,138.92,1,1,1,45,ABORT
2026-03-18T06:22:00,19.58,23.52,47.10,60.08,98.49,90.87,4.215,12.71,7.10,134.99,1,1,1,45,ABORT
2026-03-18T06:23:00,29.03,22.89,46.68,89.62,62.35,117.70,3.426,8.19,4.50,124.54,1,1,1,45,ABORT
2026-03-18T06:24:00,31.64,18.74,47.09,57.98,74.34,81.15,2.841,18.69,7.03,143.67,1,1,1,45,ABORT
2026-03-18T06:25:00,20.22,27.21,46.68,61.13,61.84,90.46,2.611,11.28,6.23,128.90,1,1,1,45,ABORT
2026-03-18T06:26:00,31.05,15.18,49.39,117.79,86.79,93.53,4.009,15.46,6.20,99.76,1,1,1,45,ABORT
2026-03-18T06:27:00,29.25,3.70,48.07,87.63,75.40,113.56,4.116,16.17,7.93,97.73,1,1,1,45,ABORT
2026-03-18T06:28:00,28.94,0.49,51.09,105.19,94.78,82.99,4.019,14.83,3.45,143.51,1,1,1,45,ABORT
2026-03-18T06:29:00,18.86,2.79,49.86,60.33,69.40,98.36,3.404,21.03,4.69,137.83,1,1,1,45,ABORT
2026-03-18T06:30:00,25.60,-0.85,48.98,85.34,64.11,96.49,3.030,16.14,2.00,99.54,1,1,1,45,ABORT
2026-03-18T06:31:00,28.27,16.67,47.83,70.83,68.27,106.86,3.489,24.01,4.18,97.71,1,1,1,45,ABORT
2026-03-18T06:32:00,21.79,10.91,49.36,81.98,78.93,106.29,4.141,19.32,2.68,132.97,1,1,1,45,READY
2026-03-18T06:33:00,21.77,6.95,50.98,116.44,71.68,100.88,3.686,19.04,2.27,103.21,1,1,1,45,ABORT
2026-03-18T06:34:00,20.39,20.09,50.33,30.70,84.43,87.50,3.718,23.60,4.36,117.85,1,1,1,45,ABORT
2026-03-18T06:35:00,31.28,20.09,46.65,61.45,97.07,113.50,5.140,16.78,6.63,117.53,1,1,1,45,ABORT
2026-03-18T06:36:00,29.19,28.47,46.81,69.88,81.21,81.94,3.115,23.71,7.03,119.15,1,1,1,45,ABORT
2026-03-18T06:37:00,26.64,27.24,47.06,77.86,89.22,85.14,3.575,12.75,5.60,139.13,1,1,1,45,READY
2026-03-18T06:38:00,26.57,8.46,51.88,111.59,90.49,90.94,4.269,24.27,7.82,117.64,1,1,1,45,ABORT
2026-03-18T06:39:00,20.27,9.45,50.20,94.84,71.96,108.06,3.904,22.21,6.27,141.78,1,1,1,45,ABORT
2026-03-18T06:40:00,28.75,2.03,49.75,49.06,73.81,106.89,3.925,24.63,5.90,142.92,1,1,1,45,ABORT
2026-03-18T06:41:00,26.57,19.30,47.93,31.54,74.09,99.21,3.523,16.41,6.00,115.87,1,1,1,45,READY
2026-03-18T06:42:00,30.71,24.45,47.72,104.73,92.33,100.91,4.446,5.51,2.87,128.51,1,1,1,48,ABORT
2026-03-18T06:43:00,21.40,21.26,46.97,48.66,70.02,113.58,3.735,18.81,3.77,132.68,1,1,1,45,ABORT
2026-03-18T06:44:00,18.55,23.49,46.61,106.80,89.58,114.59,4.785,19.85,5.37,106.88,1,1,1,45,ABORT
2026-03-18T06:45:00,31.33,22.96,47.73,86.45,97.06,95.50,4.424,24.13,7.85,110.63,1,1,1,45,ABORT
2026-03-18T06:46:00,27.39,-4.55,47.51,82.06,91.24,114.80,4.976,21.60,7.47,130.23,1,1,1,45,ABORT
2026-03-18T06:47:00,29.01,21.43,49.28,80.34,91.05,118.57,5.320,10.88,3.06,129.13,1,1,1,45,READY
2026-03-18T06:48:00,21.18,1.08,49.08,57.72,77.14,102.26,3.872,7.60,5.50,107.75,1,1,1,45,READY
2026-03-18T06:49:00,23.62,19.84,46.93,35.37,72.91,82.03,2.807,23.65,5.69,128.09,1,1,1,45,ABORT
2026-03-18T06:50:00,26.34,15.04,48.15,98.40,72.71,88.80,3.109,8.68,2.41,120.26,1,1,1,45,READY
2026-03-18T06:51:00,25.07,13.80,46.55,42.12,68.53,93.28,2.976,12.22,3.31,132.63,1,1,1,45,ABORT
2026-03-18T06:52:00,27.02,29.88,50.94,118.11,60.35,106.76,3.282,13.91,7.43,125.69,1,1,1,45,ABORT
2026-03-18T06:53:00,28.56,28.56,50.10,52.09,96.64,117.80,5.703,12.72,5.24,109.14,1,1,1,45,ABORT
2026-03-18T06:54:00,33.49,23.77,48.25,100.28,77.82,81.75,3.070,22.97,3.16,120.69,1,1,1,45,ABORT
2026-03-18T06:55:00,34.12,0.86,51.74,73.80,60.29,82.62,2.577,18.41,6.64,138.25,1,1,1,45,ABORT
2026-03-18T06:56:00,25.21,-1.36,49.23,90.27,99.05,111.01,5.413,17.93,7.64,132.34,1,1,1,45,ABORT
2026-03-18T06:57:00,20.61,11.07,47.99,28.75,62.17,111.77,3.335,16.16,5.45,106.38,1,1,1,45,ABORT
2026-03-18T06:58:00,22.40,8.58,49.78,63.30,60.68,106.93,3.230,15.70,5.85,125.92,1,1,1,45,ABORT
2026-03-18T06:59:00,30.85,15.50,50.21,27.26,97.12,84.25,4.108,20.74,3.81,99.33,1,1,1,45,ABORT
2026-03-18T07:00:00,31.01,10.32,48.37,86.07,78.96,101.34,3.870,7.73,4.35,134.87,1,1,1,45,READY
2026-03-18T07:01:00,27.28,28.60,46.86,87.73,96.57,111.80,5.059,19.59,4.24,142.47,1,1,1,45,ABORT
2026-03-18T07:02:00,27.41,14.43,46.74,20.50,83.87,101.49,3.978,23.94,3.83,132.41,1,1,1,45,ABORT
2026-03-18T07:03:00,33.36,7.03,48.48,84.59,80.50,86.44,3.373,9.42,7.01,104.72,1,1,1,45,ABORT
2026-03-18T07:04:00,21.08,22.99,51.11,105.14,97.29,119.77,5.956,14.23,5.30,109.53,1,1,1,45,ABORT
2026-03-18T07:05:00,19.15,-1.56,50.35,68.72,73.23,85.13,3.139,18.11,2.60,125.98,1,1,1,45,ABORT
2026-03-18T07:06:00,33.30,6.12,48.70,81.63,72.23,103.37,3.636,16.31,4.19,110.82,1,1,1,45,ABORT
2026-03-18T07:07:00,25.28,-4.83,47.48,42.15,89.59,97.44,4.145,21.80,2.81,131.65,1,1,1,45,ABORT
2026-03-18T07:08:00,32.92,11.20,48.15,50.55,82.07,87.03,3.439,17.13,7.05,137.94,1,1,1,45,ABORT
2026-03-18T07:09:00,20.38,13.85,47.58,108.63,63.06,83.02,2.491,5.37,5.04,96.56,1,1,1,45,ABORT
2026-03-18T07:10:00,27.89,9.18,49.54,110.63,82.06,101.74,4.136,24.97,4.83,133.76,1,1,1,45,ABORT
2026-03-18T07:11:00,24.22,2.82,50.63,93.32,71.64,98.59,3.576,15.21,4.38,120.11,1,1,1,45,READY
2026-03-18T07:12:00,29.27,24.68,50.84,81.40,66.63,100.57,3.407,13.92,3.07,142.44,1,1,1,45,ABORT
2026-03-18T07:13:00,29.21,28.87,50.42,68.35,74.35,88.75,3.327,14.75,2.38,113.47,1,1,1,45,ABORT
2026-03-18T07:14:00,18.73,2.24,51.45,56.13,78.79,98.19,3.980,5.93,7.88,111.20,1,1,1,45,ABORT
2026-03-18T07:15:00,29.96,13.25,50.98,103.49,70.53,101.77,3.659,8.48,5.92,113.26,1,1,1,45,ABORT
2026-03-18T07:16:00,29.11,24.24,49.10,57.63,96.29,100.65,4.759,12.06,7.21,119.34,1,1,1,45,ABORT
2026-03-18T07:17:00,26.20,16.15,49.01,33.90,66.62,83.08,2.713,17.87,3.27,104.35,1,1,1,45,ABORT
2026-03-18T07:18:00,24.16,20.11,46.71,43.03,92.45,108.81,4.699,14.63,4.87,105.54,1,1,1,45,ABORT
2026-03-18T07:19:00,20.74,24.17,46.13,24.31,82.94,86.45,3.308,17.59,2.24,123.61,1,1,1,45,ABORT
2026-03-18T07:20:00,18.95,4.04,47.08,115.82,83.97,102.54,4.054,5.37,6.32,128.09,1,1,1,45,ABORT
2026-03-18T07:21:00,22.82,-2.00,48.70,119.28,94.69,86.82,4.004,21.61,5.61,134.73,1,1,1,45,ABORT
2026-03-18T07:22:00,31.95,1.37,49.96,46.45,88.97,93.71,4.165,14.07,5.54,106.49,1,1,1,45,READY
2026-03-18T07:23:00,24.55,-1.20,47.21,105.96,80.17,96.79,3.663,7.99,2.58,118.79,1,1,1,45,ABORT
2026-03-18T07:24:00,28.45,-3.63,50.70,70.33,64.70,99.29,3.257,7.61,5.62,136.38,1,1,1,45,ABORT
2026-03-18T07:25:00,33.25,22.12,49.90,72.20,74.82,81.74,3.052,15.60,3.38,135.12,1,1,1,45,ABORT
2026-03-18T07:26:00,31.42,8.34,49.53,94.14,90.46,107.87,4.833,6.95,2.80,118.86,1,1,1,45,READY
2026-03-18T07:27:00,21.95,25.07,47.70,107.68,76.35,87.56,3.189,19.18,6.74,123.90,1,1,1,45,ABORT
2026-03-18T07:28:00,20.00,-4.75,49.93,88.78,72.64,94.49,3.427,8.10,5.91,107.68,1,1,1,45,ABORT
2026-03-18T07:29:00,32.53,9.82,48.19,47.56,87.22,110.20,4.632,13.26,6.70,119.12,1,1,1,45,ABORT
2026-03-18T07:30:00,24.29,14.42,47.52,50.67,73.77,108.22,3.794,19.72,7.13,127.96,1,1,1,45,ABORT
2026-03-18T07:31:00,30.71,10.63,50.20,36.18,68.58,96.02,3.306,11.77,5.30,129.85,1,1,1,45,ABORT
2026-03-18T07:32:00,30.02,0.63,51.79,20.53,63.64,85.81,2.828,23.52,4.61,98.20,1,1,1,45,ABORT
2026-03-18T07:33:00,21.77,-2.20,46.23,58.43,99.38,104.56,4.804,15.42,6.27,124.87,1,1,1,45,ABORT
2026-03-18T07:34:00,34.08,23.71,49.84,63.90,68.07,106.28,3.606,21.08,3.72,96.68,1,1,1,45,ABORT
2026-03-18T07:35:00,28.19,13.05,47.39,36.95,61.44,89.57,2.608,5.01,2.94,144.84,1,1,1,45,ABORT
2026-03-18T07:36:00,31.25,7.36,48.37,78.61,80.71,109.48,4.274,6.37,2.54,109.22,1,1,1,45,READY
2026-03-18T07:37:00,32.11,27.03,48.09,116.33,71.06,104.25,3.563,8.89,7.58,123.75,1,1,1,45,ABORT
2026-03-18T07:38:00,22.44,9.25,46.64,27.24,71.77,117.88,3.946,21.06,7.74,138.81,1,1,1,45,ABORT
2026-03-18T07:39:00,31.82,15.12,50.17,116.61,82.53,110.80,4.588,20.15,7.77,117.94,1,1,1,45,ABORT
2026-03-18T07:40:00,25.83,15.54,46.16,31.63,62.70,105.35,3.049,24.88,6.06,106.50,1,1,1,45,ABORT
2026-03-18T07:41:00,23.37,28.44,49.10,20.97,93.29,89.93,4.119,6.86,6.04,136.05,1,1,1,45,ABORT
2026-03-18T07:42:00,19.29,27.60,48.86,55.35,95.77,90.76,4.247,23.94,6.10,140.50,1,1,1,45,ABORT
2026-03-18T07:43:00,26.48,1.99,50.41,107.27,68.27,88.11,3.032,9.99,5.71,102.80,1,1,1,45,ABORT
2026-03-18T07:44:00,19.81,27.21,50.05,86.34,84.55,110.57,4.679,15.83,2.25,119.11,1,1,1,45,ABORT
2026-03-18T07:45:00,28.55,12.23,51.91,109.70,94.75,99.63,4.900,24.69,7.50,109.01,1,1,1,45,ABORT
2026-03-18T07:46:00,21.78,15.18,46.32,99.93,79.13,101.63,3.725,15.05,4.36,129.32,1,1,1,45,ABORT
2026-03-18T07:47:00,20.97,29.18,50.19,66.01,87.57,80.47,3.537,9.22,5.49,111.27,1,1,1,45,ABORT
2026-03-18T07:48:00,28.42,4.09,49.29,43.71,78.85,104.52,4.062,12.32,4.99,105.53,1,1,1,45,READY
2026-03-18T07:49:00,29.91,8.03,51.13,47.96,67.20,85.25,2.929,16.52,3.37,99.99,1,1,1,45,ABORT
2026-03-18T07:50:00,22.59,3.25,48.59,58.09,65.83,118.37,3.786,7.99,6.83,103.83,1,1,1,45,ABORT
2026-03-18T07:51:00,26.49,29.84,51.10,71.70,88.82,111.41,5.057,11.00,5.37,123.39,1,1,1,45,ABORT
2026-03-18T07:52:00,24.77,19.17,46.36,101.38,79.06,105.19,3.855,14.00,4.01,113.05,1,1,1,45,ABORT
2026-03-18T07:53:00,27.53,27.61,47.55,21.98,64.85,114.69,3.537,24.26,3.19,123.79,1,1,1,45,ABORT
2026-03-18T07:54:00,29.04,1.11,50.68,55.51,86.93,99.50,4.384,19.73,7.34,114.05,1,1,1,45,ABORT
2026-03-18T07:55:00,22.87,17.11,46.87,36.76,92.31,93.50,4.045,17.63,5.43,137.45,1,1,1,45,ABORT
2026-03-18T07:56:00,19.21,0.67,47.37,51.69,71.65,90.70,3.078,17.89,3.63,117.24,1,1,1,45,ABORT
2026-03-18T07:57:00,32.67,7.71,49.52,116.55,76.56,87.36,3.312,5.46,6.37,128.10,1,1,1,45,ABORT
2026-03-18T07:58:00,33.99,19.52,46.48,36.69,64.12,82.55,2.460,22.57,5.29,96.32,1,1,1,45,ABORT
2026-03-18T07:59:00,24.75,21.77,46.50,46.25,66.21,106.19,3.269,22.71,3.86,107.37,1,1,1,45,ABORT
2026-03-18T08:00:00,22.83,16.93,46.79,103.85,61.14,106.54,3.048,22.21,3.95,118.81,1,1,1,45,ABORT
2026-03-18T08:01:00,34.57,13.92,47.63,64.48,98.78,107.90,5.077,8.54,5.59,126.55,1,1,1,45,ABORT
2026-03-18T08:02:00,28.81,14.74,49.14,83.95,72.39,93.89,3.340,15.79,6.83,117.09,1,1,1,45,READY
2026-03-18T08:03:00,24.22,4.09,47.82,20.01,92.62,113.92,5.046,11.88,4.82,95.42,1,1,1,45,ABORT
2026-03-18T08:04:00,33.68,28.14,48.86,20.91,77.22,91.72,3.461,9.62,2.04,113.68,1,1,1,45,ABORT
2026-03-18T08:05:00,25.00,14.62,48.37,36.33,89.48,95.59,4.137,12.57,3.58,116.11,1,1,1,45,READY
2026-03-18T08:06:00,22.07,21.76,51.46,100.76,87.39,91.39,4.110,19.86,6.85,115.65,1,1,1,45,ABORT
2026-03-18T08:07:00,32.51,1.38,47.74,83.69,84.71,90.89,3.676,17.46,3.13,95.97,1,1,1,45,ABORT
2026-03-18T08:08:00,18.84,13.72,47.12,30.23,70.77,108.61,3.622,19.54,3.40,102.53,1,1,1,45,ABORT
2026-03-18T08:09:00,26.39,6.97,47.87,99.95,99.92,98.55,4.714,20.83,3.98,137.18,1,1,1,45,READY
2026-03-18T08:10:00,34.18,-3.04,50.65,27.14,78.81,87.69,3.500,21.83,6.90,136.41,1,1,1,45,ABORT
2026-03-18T08:11:00,20.07,21.89,47.49,97.12,77.72,109.50,4.042,5.67,4.77,133.55,1,1,1,45,READY
2026-03-18T08:12:00,26.86,29.37,48.84,88.14,72.48,92.92,3.289,17.58,2.25,141.87,1,1,1,45,ABORT
2026-03-18T08:13:00,26.86,3.87,49.83,39.87,95.50,114.55,5.451,9.36,2.68,126.65,1,1,1,45,READY
2026-03-18T08:14:00,23.52,0.86,47.66,31.96,91.57,80.36,3.507,5.84,6.70,118.76,1,1,1,45,READY
2026-03-18T08:15:00,28.14,8.00,46.54,35.77,63.66,104.75,3.103,23.62,7.98,126.26,1,1,1,45,ABORT
2026-03-18T08:16:00,19.02,17.56,50.21,99.15,65.03,89.31,2.916,24.63,6.73,132.83,1,1,1,45,ABORT
2026-03-18T08:17:00,31.69,10.36,47.16,88.92,74.33,85.39,2.993,22.97,4.91,116.88,1,1,1,45,ABORT
2026-03-18T08:18:00,23.01,19.40,47.14,38.66,73.91,109.30,3.808,10.51,6.99,140.72,1,1,1,45,ABORT
2026-03-18T08:19:00,27.43,-2.59,46.93,49.57,70.53,94.68,3.134,5.01,5.83,113.95,1,1,1,45,ABORT
